Transaction Amount,Customer Age Group,Merchant Category,Transaction Time,Payment Method,Risk Score,Fraudulent
4.565029868143871,Young Adult,Groceries,Afternoon,Debit Card,0.2478665029762817,0
13.574606464937863,Young Adult,Clothing,Afternoon,Debit Card,0.016162018990640948,0
17.904700638285885,Adult,Clothing,Night,Debit Card,0.14081866243857386,0
13.698831256371212,Adult,Electronics,Morning,Bank Transfer,0.438304587832957,0
4.1426212267356535,Young Adult,Clothing,Morning,Debit Card,0.10193346150371971,0
51.78385715293127,Adult,Groceries,Evening,Credit Card,0.3622001016855536,0
1.7928480581216288,Young Adult,Electronics,Morning,Debit Card,0.14955767728153715,0
3.2345724156720808,Adult,Electronics,Afternoon,Credit Card,0.49359917689801525,0
8.463674585738492,Adult,Clothing,Afternoon,Bank Transfer,0.1907872817721293,0
7.936839398079037,Senior,Electronics,Afternoon,Credit Card,0.11641058771692084,1
10.918245222599866,Teen,Electronics,Afternoon,Credit Card,0.0883279311449776,0
26.15674980808885,Teen,Electronics,Afternoon,Bank Transfer,0.36634789656068784,1
6.7134922121894025,Young Adult,Clothing,Morning,Debit Card,0.08820274813316778,0
8.09287114150251,Young Adult,Groceries,Afternoon,Credit Card,0.26262896076081516,0
4.592328334242528,Young Adult,Clothing,Night,Credit Card,0.8231581730611878,0
11.830285541532337,Senior,Electronics,Evening,Bank Transfer,0.17078737399790364,0
5.72714522749682,Young Adult,Groceries,Morning,Credit Card,0.6349123400785472,1
5.7244952702208165,Young Adult,Groceries,Morning,Bank Transfer,0.41060381086873016,0
11.413381951561487,Adult,Clothing,Morning,Credit Card,0.30169089383623005,0
16.910534005161544,Young Adult,Dining,Afternoon,Debit Card,0.19176725092013766,0
1.2630314684065038,Adult,Electronics,Afternoon,Bank Transfer,0.3169804720486137,0
9.861346683241528,Teen,Groceries,Evening,Credit Card,0.05452966529580577,1
5.9526550389238135,Young Adult,Electronics,Morning,Credit Card,0.11646165822692993,0
15.769750034142513,Teen,Groceries,Morning,Credit Card,0.17893506302911105,0
6.049054138886719,Teen,Electronics,Afternoon,Debit Card,0.48066125787744024,1
20.9228517437612,Senior,Electronics,Evening,Debit Card,0.43673857605168864,1
4.301094751261514,Young Adult,Electronics,Morning,Debit Card,0.4423199288608769,1
1.2407748629111222,Young Adult,Groceries,Evening,Credit Card,0.06982757737061893,0
17.13759233108175,Young Adult,Electronics,Morning,Credit Card,0.16508387594764454,0
3.7628025176450333,Young Adult,Clothing,Night,Credit Card,0.5021848492738299,0
2.087147811812749,Adult,Groceries,Night,Credit Card,0.28041178717207565,0
7.484563764783657,Teen,Electronics,Morning,Debit Card,0.5891391283560721,1
6.1022470193379705,Adult,Clothing,Morning,Bank Transfer,0.08767755363010783,0
14.274632067386618,Senior,Electronics,Afternoon,Debit Card,0.1503939190011696,0
15.088436501566543,Young Adult,Groceries,Morning,Credit Card,0.44130336052315194,0
7.976473182673983,Senior,Groceries,Evening,Bank Transfer,0.15924736207325813,1
3.6405954246276773,Teen,Electronics,Night,Debit Card,0.2873951414708223,0
9.29571005177636,Young Adult,Electronics,Evening,Bank Transfer,0.3419198159965789,0
8.433024653944907,Young Adult,Electronics,Night,Debit Card,0.45128151674612865,0
11.648172952201875,Adult,Dining,Afternoon,Credit Card,0.16707885147002907,1
3.669864091178153,Senior,Groceries,Morning,Credit Card,0.1759590777965576,0
5.363955672336724,Young Adult,Groceries,Evening,Debit Card,0.5058575035945715,1
11.106188695313588,Adult,Groceries,Afternoon,Credit Card,0.6176872187953555,0
20.042632787021216,Young Adult,Electronics,Evening,Credit Card,0.29324200385798277,0
16.002382323386925,Young Adult,Groceries,Morning,Debit Card,0.4234644910177178,1
7.89037685168809,Young Adult,Clothing,Morning,Debit Card,0.2543873391735122,1
5.003231385880707,Senior,Electronics,Night,Debit Card,0.1678375940745747,0
10.206823293067522,Adult,Electronics,Morning,Credit Card,0.3971813274032392,0
3.086036711966416,Young Adult,Electronics,Night,Credit Card,0.2621996640764782,0
3.84355933942527,Young Adult,Groceries,Night,Debit Card,0.3211233806446609,0
24.725053714105215,Young Adult,Dining,Evening,Bank Transfer,0.17444615106453634,0
10.192249556292394,Young Adult,Electronics,Evening,Debit Card,0.36940320535707566,0
5.595589023466362,Young Adult,Groceries,Afternoon,Bank Transfer,0.16720527150717424,1
14.343701810924541,Adult,Electronics,Night,Debit Card,0.7053099712467773,0
20.688540978623003,Young Adult,Dining,Morning,Debit Card,0.3100513637485133,1
5.177332454233477,Young Adult,Electronics,Afternoon,Credit Card,0.3604256468206961,1
5.249189302143533,Young Adult,Groceries,Evening,Debit Card,0.3759652161511818,0
4.748759287627141,Adult,Clothing,Afternoon,Debit Card,0.09643052480657642,1
15.975882718358287,Adult,Clothing,Afternoon,Debit Card,0.3401872769115753,1
16.10042965074629,Teen,Groceries,Afternoon,Credit Card,0.27829909964421146,0
22.392423320724706,Adult,Electronics,Afternoon,Debit Card,0.3612354728455057,1
16.558215109065177,Young Adult,Electronics,Night,Credit Card,0.22072793515470351,1
2.002157875064022,Teen,Electronics,Morning,Debit Card,0.322414157578411,0
9.25136822437585,Young Adult,Electronics,Night,Credit Card,0.05173255984730596,1
3.168605791456886,Young Adult,Groceries,Evening,Bank Transfer,0.4534355825034304,0
4.902123605081212,Young Adult,Electronics,Night,Credit Card,0.46676103039950406,0
8.469532927958811,Senior,Electronics,Afternoon,Credit Card,0.45116276728179294,0
14.417638007457425,Adult,Groceries,Evening,Credit Card,0.4025268436344908,0
3.623083018830363,Adult,Dining,Morning,Debit Card,0.11939550085295324,1
1.1505318006561758,Young Adult,Groceries,Night,Credit Card,0.4308116984022526,0
8.537128187570284,Young Adult,Electronics,Morning,Credit Card,0.33948246415200956,1
61.24347215714151,Adult,Electronics,Night,Debit Card,0.5169921472538112,0
6.282217506377469,Young Adult,Dining,Night,Credit Card,0.05465015812840834,0
7.671654847392425,Teen,Electronics,Morning,Bank Transfer,0.12561615116793018,0
30.745108081883338,Young Adult,Electronics,Morning,Bank Transfer,0.20281609918068888,1
11.848718227196665,Adult,Groceries,Evening,Debit Card,0.43221232005264826,1
8.78889356588823,Young Adult,Groceries,Morning,Credit Card,0.6036356522936738,0
10.52436802095607,Teen,Groceries,Night,Debit Card,0.3990758542316495,1
9.026774867106614,Adult,Electronics,Morning,Credit Card,0.17863112088353775,0
2.9689146771925756,Young Adult,Electronics,Morning,Credit Card,0.1339587486426284,0
2.5265225567190086,Young Adult,Dining,Night,Credit Card,0.18322173253738752,0
33.43029382649985,Young Adult,Electronics,Evening,Bank Transfer,0.14166628280554644,1
8.560055566311618,Young Adult,Groceries,Night,Credit Card,0.24698965090810884,1
8.005080111359582,Adult,Clothing,Afternoon,Debit Card,0.18181032268743014,1
6.874492816975374,Young Adult,Groceries,Evening,Debit Card,0.22844364526225547,0
13.80262255179733,Young Adult,Electronics,Afternoon,Credit Card,0.18127168404905164,0
56.314546772527734,Adult,Electronics,Evening,Credit Card,0.0398615941444898,0
11.236440734499181,Adult,Groceries,Evening,Bank Transfer,0.4087719424606177,0
4.616009276980976,Adult,Clothing,Afternoon,Debit Card,0.361031551828916,0
6.641111298302926,Young Adult,Dining,Afternoon,Debit Card,0.2234870505069218,0
17.40569016545976,Young Adult,Electronics,Morning,Credit Card,0.40687663923282175,0
4.635571622758508,Senior,Electronics,Evening,Credit Card,0.09866413522284853,0
14.6113290658427,Adult,Dining,Morning,Credit Card,0.551829813703958,0
1.1542030442327917,Teen,Clothing,Evening,Credit Card,0.48402586358629257,1
6.147812594396235,Teen,Clothing,Morning,Credit Card,0.254160723346467,0
12.213134986095838,Young Adult,Electronics,Evening,Bank Transfer,0.16551277294761954,0
20.411540205667862,Senior,Groceries,Evening,Credit Card,0.45220013676249593,0
3.8390334391694023,Young Adult,Clothing,Morning,Credit Card,0.08808592190449978,1
2.220623441349106,Young Adult,Groceries,Morning,Debit Card,0.30627417595313106,1
5.997914755588603,Young Adult,Groceries,Morning,Debit Card,0.11077966091073191,0
3.003159177636843,Adult,Electronics,Evening,Credit Card,0.4843765949647032,0
6.55855737626059,Adult,Groceries,Night,Debit Card,0.05162337582688732,0
7.349830386523532,Young Adult,Electronics,Morning,Credit Card,0.31856668550303047,0
2.572000404995051,Adult,Groceries,Evening,Credit Card,0.16123849930236214,1
14.063057000275291,Senior,Dining,Afternoon,Credit Card,0.389733865245374,0
6.515792759104972,Young Adult,Electronics,Afternoon,Bank Transfer,0.19842832117147716,0
17.537963869075934,Young Adult,Clothing,Night,Credit Card,0.2981974826329048,0
1.6888972611492101,Young Adult,Electronics,Afternoon,Credit Card,0.34141723179861583,0
3.2747655003062834,Adult,Groceries,Afternoon,Credit Card,0.26246294607876147,1
11.171159884180204,Young Adult,Dining,Morning,Bank Transfer,0.20488342547291913,0
3.898966598733107,Adult,Electronics,Morning,Credit Card,0.4148041913918424,0
6.477738636183024,Adult,Electronics,Morning,Credit Card,0.36314942289062413,0
7.393189909910594,Young Adult,Groceries,Morning,Credit Card,0.2418995047029626,0
8.386344973709809,Senior,Electronics,Evening,Credit Card,0.30488663906369246,0
4.2971285897357125,Young Adult,Clothing,Afternoon,Debit Card,0.13574504446091049,1
8.326383854143437,Young Adult,Dining,Afternoon,Debit Card,0.2892393380499971,0
3.9509854776645628,Adult,Groceries,Morning,Credit Card,0.20327622062089612,1
12.67237433546293,Adult,Electronics,Morning,Credit Card,0.16833634167091943,0
6.74043716713539,Young Adult,Groceries,Evening,Credit Card,0.24502240528633396,0
8.364773850577807,Adult,Clothing,Night,Credit Card,0.1380110984957995,1
57.7394975208456,Senior,Electronics,Morning,Credit Card,0.5333340568486841,0
3.0474843174429,Young Adult,Groceries,Night,Debit Card,0.08664081953183593,0
22.44046528874814,Senior,Groceries,Afternoon,Bank Transfer,0.47181255117424836,0
0.8803100661787004,Young Adult,Groceries,Afternoon,Bank Transfer,0.10810459747337167,1
1.401157493454328,Young Adult,Electronics,Afternoon,Bank Transfer,0.5502466552653651,1
2.7387125503760292,Young Adult,Clothing,Morning,Debit Card,0.08373427494725688,0
2.8805386496265672,Adult,Electronics,Morning,Debit Card,0.16118759337009855,0
8.696854760473078,Adult,Electronics,Evening,Credit Card,0.5939774941661794,0
9.317308610858063,Young Adult,Clothing,Afternoon,Debit Card,0.7476640899591879,0
6.026358826406417,Young Adult,Clothing,Night,Credit Card,0.31089271269351504,0
6.554144689755177,Adult,Electronics,Afternoon,Credit Card,0.3947407188364386,0
11.270760533077727,Teen,Electronics,Morning,Debit Card,0.36908077774029807,0
14.390655928378278,Adult,Electronics,Evening,Credit Card,0.140255728333557,1
2.5568314757373476,Adult,Electronics,Morning,Credit Card,0.2721089267523984,0
5.531655971253544,Young Adult,Electronics,Afternoon,Bank Transfer,0.31886759362172107,0
6.988934703298307,Senior,Electronics,Evening,Credit Card,0.03566350036917724,1
10.894442504604097,Young Adult,Groceries,Night,Credit Card,0.3673877861752816,1
3.9823268581213305,Senior,Clothing,Evening,Bank Transfer,0.11380703750529814,1
6.880030324215933,Adult,Groceries,Evening,Debit Card,0.11396458469721821,1
7.568439530963372,Adult,Groceries,Evening,Debit Card,0.15944972668335514,1
4.205629215182001,Young Adult,Electronics,Night,Credit Card,0.4435579238990447,1
4.1261628374231965,Adult,Dining,Morning,Credit Card,0.19913425131398854,1
7.996441435136531,Young Adult,Clothing,Morning,Bank Transfer,0.42467440882164514,0
6.657365816139541,Young Adult,Clothing,Morning,Debit Card,0.39668025503438487,1
11.027388209721503,Teen,Clothing,Morning,Debit Card,0.5360576579789784,0
3.181628025478205,Young Adult,Dining,Evening,Credit Card,0.18255380946322927,0
5.5814844847036085,Young Adult,Groceries,Evening,Credit Card,0.2515908928612635,0
6.151076817433204,Adult,Electronics,Afternoon,Bank Transfer,0.15275872868129697,1
14.169490920668457,Adult,Groceries,Morning,Credit Card,0.09186901063519616,0
3.482216374719473,Teen,Clothing,Evening,Debit Card,0.5840392095394881,0
8.914878336122115,Adult,Clothing,Afternoon,Credit Card,0.3051488265277075,0
9.044930237839727,Young Adult,Groceries,Evening,Debit Card,0.14241288341075983,1
27.580742512654773,Adult,Electronics,Afternoon,Bank Transfer,0.13457357608818138,0
3.301340204342364,Adult,Electronics,Afternoon,Debit Card,0.2350667502155988,0
4.367598630094748,Young Adult,Dining,Morning,Credit Card,0.5270853456240896,0
3.490745955553684,Adult,Groceries,Morning,Debit Card,0.5701566765319728,0
1.9428902079609012,Young Adult,Groceries,Night,Debit Card,0.6387615581530763,0
30.31824108582441,Young Adult,Electronics,Night,Credit Card,0.5001149631543067,0
2.736826439146795,Adult,Electronics,Evening,Bank Transfer,0.27470029412662283,1
3.845700122108907,Young Adult,Clothing,Morning,Debit Card,0.5816977121079192,0
21.170595340080347,Young Adult,Groceries,Afternoon,Bank Transfer,0.4197703738127,0
1.8175952977017245,Young Adult,Clothing,Evening,Debit Card,0.49419740322805866,0
13.532324832947559,Adult,Groceries,Evening,Credit Card,0.5007297367893635,0
2.3859098110259165,Young Adult,Groceries,Morning,Credit Card,0.1590736422087646,0
20.032496685694888,Young Adult,Electronics,Morning,Credit Card,0.5026500465541401,0
1.302255616257134,Adult,Clothing,Evening,Bank Transfer,0.7156900879613282,0
1.8170684614624597,Adult,Groceries,Afternoon,Debit Card,0.1482465335615184,1
4.778191903285275,Young Adult,Groceries,Morning,Debit Card,0.15539132768659525,0
16.078100877425303,Young Adult,Groceries,Morning,Credit Card,0.3981758073568669,0
7.208301871484372,Young Adult,Dining,Afternoon,Credit Card,0.09116480090521119,0
5.648714186741353,Young Adult,Electronics,Night,Debit Card,0.4703458860327593,0
21.68965385493662,Young Adult,Clothing,Night,Credit Card,0.19129744991093509,0
41.43772222163651,Adult,Electronics,Afternoon,Credit Card,0.4828685815785211,1
12.651880086020775,Adult,Groceries,Afternoon,Debit Card,0.3623025768812838,0
4.48938803569161,Adult,Electronics,Morning,Credit Card,0.23580299635919963,0
5.288240452112695,Young Adult,Electronics,Afternoon,Credit Card,0.526675828091143,0
2.635945908659017,Adult,Groceries,Afternoon,Credit Card,0.28481791380922755,1
8.009705050981548,Young Adult,Electronics,Evening,Credit Card,0.5492292753000799,1
2.006366974451232,Senior,Groceries,Afternoon,Bank Transfer,0.2912794847232887,0
11.490158935225121,Adult,Dining,Morning,Credit Card,0.28930459638152767,0
36.76179904256109,Young Adult,Electronics,Morning,Credit Card,0.1943172576655615,0
13.11915352908599,Adult,Clothing,Afternoon,Credit Card,0.25680182863194956,0
5.076803462364862,Young Adult,Groceries,Morning,Debit Card,0.28495778597402116,0
11.263303125647086,Adult,Groceries,Morning,Credit Card,0.5139189437752092,0
27.01593173198979,Teen,Electronics,Night,Debit Card,0.15188653723581794,0
25.955816010248036,Young Adult,Electronics,Afternoon,Credit Card,0.12916351941593784,1
3.3101505996886167,Adult,Electronics,Afternoon,Credit Card,0.15372970717067538,0
11.11435050561243,Young Adult,Electronics,Night,Credit Card,0.3848094843664479,0
6.511167684429072,Adult,Electronics,Night,Bank Transfer,0.302101831242412,0
14.087312904662621,Young Adult,Groceries,Afternoon,Bank Transfer,0.34373810860870335,0
10.043153545007508,Adult,Clothing,Night,Credit Card,0.6203944682434342,0
1.1098477818059627,Adult,Clothing,Afternoon,Debit Card,0.16096572290660868,0
5.5934123038797035,Young Adult,Groceries,Afternoon,Bank Transfer,0.35894938538398985,0
8.66114291606406,Young Adult,Electronics,Afternoon,Credit Card,0.4608863983270883,1
2.345522112273929,Young Adult,Electronics,Evening,Bank Transfer,0.3733895123987104,1
11.761336781337807,Teen,Electronics,Evening,Credit Card,0.10318821935725389,0
2.183191520918243,Young Adult,Electronics,Afternoon,Bank Transfer,0.4907772546113914,0
3.9010617593335795,Adult,Groceries,Morning,Debit Card,0.3735177179906386,1
21.607695745723756,Senior,Groceries,Evening,Bank Transfer,0.15247402116420847,0
3.6436202767635386,Adult,Electronics,Morning,Debit Card,0.5566001526992631,1
11.69514229773388,Adult,Electronics,Afternoon,Credit Card,0.09593915243084343,1
1.816916849185293,Adult,Clothing,Evening,Bank Transfer,0.06789288439240065,0
39.05815641008656,Adult,Clothing,Evening,Credit Card,0.2924061434029603,0
5.791301724557243,Young Adult,Electronics,Evening,Credit Card,0.24091200721285558,0
7.974561362239286,Senior,Dining,Night,Debit Card,0.23098518873980792,0
8.52693039846971,Adult,Dining,Afternoon,Debit Card,0.43361884009772533,0
12.013769994617656,Young Adult,Electronics,Evening,Bank Transfer,0.360567269048368,1
2.1916529122817794,Young Adult,Electronics,Evening,Credit Card,0.326502997762832,0
7.357578153289682,Young Adult,Groceries,Morning,Debit Card,0.04526785104188647,0
4.362236739123519,Young Adult,Dining,Morning,Debit Card,0.47894204644732696,0
1.912390861365181,Adult,Clothing,Morning,Credit Card,0.3365169038829415,1
16.27609977159213,Young Adult,Electronics,Afternoon,Credit Card,0.3573496810632437,1
5.574828826568745,Young Adult,Electronics,Evening,Credit Card,0.02304692999943299,0
8.971172136417813,Senior,Groceries,Night,Credit Card,0.6483267488324725,0
8.532448235047134,Young Adult,Groceries,Morning,Bank Transfer,0.22050800511303126,0
5.652614503451599,Young Adult,Electronics,Morning,Debit Card,0.05945457639046278,0
35.87432587292498,Teen,Clothing,Night,Debit Card,0.6270061409919495,0
7.114879375838172,Adult,Groceries,Morning,Bank Transfer,0.16450515894670875,1
2.1247159988795796,Senior,Clothing,Afternoon,Credit Card,0.5478308407665378,0
5.363919253279278,Young Adult,Clothing,Afternoon,Bank Transfer,0.3689733765889828,0
11.020862815636912,Adult,Clothing,Afternoon,Credit Card,0.35135154073592856,0
11.314398153176525,Young Adult,Groceries,Morning,Bank Transfer,0.21018467062322396,0
3.0949608350470306,Senior,Groceries,Morning,Credit Card,0.43577956244381993,0
15.542621211992149,Adult,Electronics,Morning,Bank Transfer,0.1938735648268413,1
1.803458944766778,Adult,Groceries,Afternoon,Credit Card,0.1059550260411185,0
18.45449850346815,Teen,Electronics,Afternoon,Credit Card,0.22929161272930865,1
2.5715830671104256,Senior,Groceries,Morning,Debit Card,0.4278170514213203,0
6.1657132588666865,Adult,Electronics,Evening,Credit Card,0.2910197812293517,0
17.31641581135798,Young Adult,Electronics,Night,Debit Card,0.2243050006034107,0
8.131005024015991,Adult,Electronics,Morning,Credit Card,0.24856909880978417,0
14.201659360749602,Young Adult,Electronics,Afternoon,Debit Card,0.5748956828804463,0
12.120879787906796,Adult,Clothing,Evening,Credit Card,0.14512899552547498,0
20.676853592988806,Young Adult,Clothing,Morning,Credit Card,0.36583198812673756,0
17.283769478974882,Adult,Groceries,Afternoon,Credit Card,0.5716405724649886,0
5.139750580889134,Young Adult,Electronics,Evening,Credit Card,0.4279256672645808,1
12.260139477010805,Teen,Electronics,Night,Credit Card,0.04143952633102521,1
2.1787656713469388,Young Adult,Electronics,Night,Credit Card,0.11457259217663364,1
7.054573106576379,Teen,Electronics,Afternoon,Credit Card,0.34279721211748604,0
14.221967662757233,Young Adult,Clothing,Evening,Credit Card,0.32547923760541836,1
8.224176116246868,Young Adult,Electronics,Afternoon,Debit Card,0.11306137993137604,0
10.562518933619069,Young Adult,Electronics,Evening,Bank Transfer,0.10985069787993142,1
6.230035924950051,Young Adult,Electronics,Afternoon,Credit Card,0.6034842343344039,1
18.233408623813908,Young Adult,Electronics,Morning,Debit Card,0.6808513666252455,0
6.928666573369992,Adult,Groceries,Evening,Debit Card,0.38347245287791454,0
5.091843033278481,Teen,Groceries,Afternoon,Credit Card,0.23898619592640447,0
15.017466095224714,Senior,Electronics,Afternoon,Debit Card,0.49108983128491407,1
2.400968174642152,Adult,Electronics,Night,Credit Card,0.3193347812233161,0
11.03229273053365,Adult,Electronics,Morning,Debit Card,0.22907425163116305,1
3.2091692422789886,Young Adult,Electronics,Afternoon,Credit Card,0.3611455920717854,1
20.539327508612182,Adult,Electronics,Morning,Debit Card,0.195833538869491,1
5.996513382481487,Young Adult,Dining,Evening,Debit Card,0.16888359877850465,1
8.231660668510775,Teen,Groceries,Evening,Credit Card,0.26592484014157614,0
10.27852037541665,Young Adult,Groceries,Afternoon,Credit Card,0.2942954129703035,0
1.578148497615179,Adult,Groceries,Evening,Bank Transfer,0.05630257448441794,0
4.390890819910513,Teen,Groceries,Afternoon,Credit Card,0.39387692230864035,0
17.0276199301434,Young Adult,Groceries,Evening,Debit Card,0.1382926263563627,0
14.79385688606652,Senior,Groceries,Afternoon,Bank Transfer,0.26682251520299965,0
9.266685499218408,Adult,Clothing,Afternoon,Debit Card,0.38744981447736115,0
2.510367465082779,Young Adult,Electronics,Night,Debit Card,0.6045357394586784,0
11.803578741716294,Teen,Groceries,Morning,Debit Card,0.11109749205990814,1
13.075230935479222,Adult,Groceries,Morning,Bank Transfer,0.22004393645019488,0
7.67227951843762,Young Adult,Clothing,Afternoon,Credit Card,0.24271898618138313,0
19.659029719470425,Young Adult,Groceries,Night,Credit Card,0.3698282988457394,1
4.277011713226923,Teen,Groceries,Afternoon,Credit Card,0.45106062434713606,1
4.914126114027957,Senior,Electronics,Morning,Bank Transfer,0.33942601756152874,0
1.0123868257675614,Adult,Groceries,Afternoon,Debit Card,0.3699868620451042,0
15.423032486681345,Adult,Electronics,Afternoon,Credit Card,0.011562417561293163,0
9.498079029854678,Adult,Electronics,Morning,Bank Transfer,0.11192688888737036,0
1.9242643519973452,Young Adult,Electronics,Evening,Credit Card,0.20198246645307633,0
1.8096270964745986,Young Adult,Groceries,Night,Credit Card,0.24038945332594275,0
3.6762584083915666,Young Adult,Electronics,Afternoon,Debit Card,0.1426409055897007,0
13.94228562598863,Young Adult,Electronics,Afternoon,Credit Card,0.105714582863147,1
5.810761384529578,Young Adult,Clothing,Afternoon,Bank Transfer,0.29308857240647435,0
3.8813012327298018,Adult,Electronics,Morning,Credit Card,0.2135542114753054,1
3.303912213471509,Adult,Groceries,Night,Bank Transfer,0.2411699690152992,0
3.1876068571597274,Adult,Groceries,Afternoon,Debit Card,0.02976464190408341,1
1.5731144163754658,Young Adult,Electronics,Afternoon,Credit Card,0.24535278864592253,1
2.812526907744733,Adult,Clothing,Evening,Bank Transfer,0.04605565533704079,0
3.1378490091837414,Adult,Electronics,Afternoon,Debit Card,0.23136020637766871,1
12.75723535108315,Young Adult,Groceries,Evening,Credit Card,0.2016563172597508,0
6.4715882497444035,Adult,Groceries,Morning,Credit Card,0.1688949642571055,0
3.8172570905658176,Young Adult,Groceries,Night,Bank Transfer,0.07701628300024141,0
46.88877014879662,Young Adult,Groceries,Night,Credit Card,0.5257226367445783,1
4.344377451488295,Young Adult,Electronics,Evening,Credit Card,0.24930537777620032,1
18.796718965756344,Young Adult,Electronics,Night,Credit Card,0.16069660380782336,1
27.028364354497562,Young Adult,Clothing,Morning,Credit Card,0.27800583049000505,0
2.1044028177926664,Adult,Groceries,Afternoon,Debit Card,0.08117331286763431,0
7.839463267642247,Senior,Clothing,Evening,Credit Card,0.2858566293688506,0
4.884041626631309,Adult,Clothing,Afternoon,Credit Card,0.10151589234052812,1
4.576161209256536,Adult,Clothing,Afternoon,Credit Card,0.027207937560641073,0
11.522497785755961,Young Adult,Groceries,Afternoon,Credit Card,0.07894913959886428,0
4.4893305958763206,Adult,Electronics,Morning,Bank Transfer,0.49235269438155244,0
4.969030561027302,Teen,Clothing,Afternoon,Credit Card,0.04002220441864735,0
6.459216873927772,Young Adult,Groceries,Morning,Bank Transfer,0.07915591995244427,0
5.480961738559295,Young Adult,Electronics,Evening,Credit Card,0.025045195129503442,0
2.8896744085907895,Young Adult,Clothing,Morning,Credit Card,0.22941413120257712,0
13.96738828177254,Teen,Clothing,Morning,Bank Transfer,0.07225645115661723,0
17.095662063104786,Young Adult,Groceries,Afternoon,Credit Card,0.025476063731247563,0
9.72689638602731,Young Adult,Electronics,Afternoon,Debit Card,0.5552790894837634,1
5.4671523087469955,Senior,Electronics,Night,Bank Transfer,0.6062248412474447,1
4.20313809146864,Young Adult,Clothing,Afternoon,Credit Card,0.40503076633254176,0
4.208490152076698,Young Adult,Dining,Afternoon,Credit Card,0.2035729545399816,0
48.710815617186235,Young Adult,Electronics,Night,Debit Card,0.09250883862557054,0
15.646865998623634,Adult,Electronics,Afternoon,Credit Card,0.2581843837952642,0
3.7731565682267787,Young Adult,Clothing,Morning,Credit Card,0.169531448816408,0
8.429675366410917,Young Adult,Electronics,Afternoon,Credit Card,0.08359801291075783,0
5.528806557854346,Young Adult,Groceries,Night,Credit Card,0.1390481609412821,0
11.787507696832831,Teen,Dining,Afternoon,Debit Card,0.35838375617487594,0
11.413527585651606,Teen,Electronics,Morning,Credit Card,0.32665120654368407,0
17.582212245829425,Young Adult,Groceries,Morning,Credit Card,0.4671799799220312,0
3.7417553007281645,Teen,Electronics,Morning,Debit Card,0.6504893754019315,0
8.034849262572408,Young Adult,Electronics,Afternoon,Credit Card,0.04808582591520726,0
1.8242380847135906,Young Adult,Clothing,Afternoon,Credit Card,0.2517142920358486,0
2.7023662001744992,Adult,Groceries,Morning,Debit Card,0.2185953918500193,0
14.988461462382539,Young Adult,Dining,Night,Credit Card,0.5012671054135056,0
3.4537236466764782,Young Adult,Groceries,Evening,Debit Card,0.03901858277736632,0
3.7707463834584076,Young Adult,Electronics,Afternoon,Bank Transfer,0.16411381852788381,1
7.340284046860106,Senior,Electronics,Night,Credit Card,0.1100129318417727,0
12.881714493633641,Young Adult,Electronics,Morning,Debit Card,0.4036228442603848,0
3.1624231815280965,Teen,Electronics,Afternoon,Credit Card,0.5884052737555813,1
0.456280711712657,Adult,Electronics,Evening,Credit Card,0.09436253126281392,1
3.6833453667644562,Young Adult,Electronics,Night,Bank Transfer,0.221980169800084,1
19.38505604675635,Young Adult,Groceries,Evening,Bank Transfer,0.4171628283983963,0
9.723134450437259,Young Adult,Clothing,Morning,Credit Card,0.054798863191734534,0
21.308367650871393,Adult,Groceries,Night,Debit Card,0.5440499797207891,0
2.9878291481263233,Young Adult,Clothing,Morning,Bank Transfer,0.07707171240538534,0
1.990693331546401,Adult,Electronics,Night,Bank Transfer,0.10599056376427413,0
10.697807801554527,Senior,Electronics,Night,Debit Card,0.3977687172255096,0
8.953264282995448,Young Adult,Groceries,Morning,Credit Card,0.4756291438583263,0
9.435163014444235,Young Adult,Groceries,Evening,Credit Card,0.4827320029612771,1
15.586377788942482,Young Adult,Electronics,Morning,Bank Transfer,0.013686890704651396,0
10.353741367041373,Young Adult,Clothing,Afternoon,Credit Card,0.05401685797482768,0
10.221507456273962,Young Adult,Clothing,Afternoon,Debit Card,0.2399786045193298,0
13.092055698749189,Senior,Groceries,Afternoon,Credit Card,0.5490002687986354,0
11.044508164703513,Adult,Electronics,Night,Credit Card,0.1446131645423755,1
14.672232257541514,Adult,Clothing,Evening,Credit Card,0.32094958297957266,0
16.557127269137847,Young Adult,Groceries,Afternoon,Bank Transfer,0.08163153774516428,0
25.162405641476838,Adult,Clothing,Night,Credit Card,0.05932741380136021,0
4.395788573027341,Senior,Clothing,Night,Debit Card,0.10459397791829704,0
10.853088413941737,Adult,Clothing,Morning,Credit Card,0.06215756576482249,0
5.494465457381151,Teen,Groceries,Night,Credit Card,0.19910076038934504,0
3.7929831115906425,Adult,Electronics,Morning,Credit Card,0.5689400558549863,0
4.256161693177555,Teen,Groceries,Night,Debit Card,0.15238426188690307,1
10.978781045753479,Young Adult,Groceries,Morning,Credit Card,0.3841939454338454,1
10.325350074870702,Teen,Clothing,Morning,Credit Card,0.05474617731609722,0
10.179028999203556,Adult,Electronics,Afternoon,Credit Card,0.1314527821601259,0
6.1683358301180276,Adult,Electronics,Evening,Credit Card,0.1015179095739813,0
7.409269125760083,Young Adult,Clothing,Afternoon,Bank Transfer,0.23059532394294716,0
14.213641275803992,Young Adult,Clothing,Morning,Bank Transfer,0.18703133687871995,1
2.2445062240984925,Young Adult,Dining,Afternoon,Credit Card,0.3844857652051646,0
7.536166859956174,Young Adult,Clothing,Night,Debit Card,0.5426413893025157,1
7.940410057932825,Young Adult,Groceries,Afternoon,Bank Transfer,0.18685433014504754,1
13.499375366990485,Young Adult,Groceries,Morning,Credit Card,0.07045176333490988,0
2.5087917693225634,Adult,Clothing,Afternoon,Bank Transfer,0.43636429096268614,1
24.437210629170952,Teen,Groceries,Morning,Bank Transfer,0.11511748375496175,1
8.766208085799622,Teen,Groceries,Night,Credit Card,0.4661714127521316,1
9.145522702104993,Young Adult,Electronics,Night,Credit Card,0.2886464565760307,0
5.3596367064284145,Senior,Groceries,Afternoon,Bank Transfer,0.11574908908158701,0
11.36362976515583,Adult,Clothing,Afternoon,Debit Card,0.5543048697823805,0
7.678031814994326,Adult,Electronics,Evening,Credit Card,0.6218640404647496,1
19.437137792282247,Young Adult,Electronics,Afternoon,Credit Card,0.1206966513686369,0
2.3321826798527723,Young Adult,Electronics,Night,Credit Card,0.22397682691561102,0
8.503149837009085,Teen,Electronics,Evening,Debit Card,0.4513966530468541,1
10.245205895947432,Adult,Electronics,Evening,Debit Card,0.17462920415740954,0
6.3655592057269486,Senior,Groceries,Afternoon,Bank Transfer,0.2731642097778833,1
5.345565514223751,Adult,Dining,Afternoon,Credit Card,0.2962663933129895,1
5.526939225297931,Adult,Groceries,Night,Debit Card,0.19730502283150972,0
8.496985176765804,Adult,Electronics,Afternoon,Debit Card,0.26241605226009795,1
1.736780095749501,Young Adult,Electronics,Evening,Credit Card,0.2840049073408374,0
15.99077460641708,Senior,Groceries,Morning,Credit Card,0.11111102850573637,0
5.032387410704641,Teen,Electronics,Evening,Bank Transfer,0.3976804993449894,1
8.184500297024956,Young Adult,Clothing,Afternoon,Bank Transfer,0.5671312839605828,0
9.911362372664797,Young Adult,Groceries,Morning,Credit Card,0.5272960882699431,1
4.851828722900254,Teen,Clothing,Morning,Debit Card,0.27381273776887544,1
6.65367460609373,Young Adult,Electronics,Evening,Credit Card,0.5279553233236135,1
1.4503542073033098,Young Adult,Groceries,Evening,Debit Card,0.29924876134164385,0
13.272561855180607,Young Adult,Electronics,Afternoon,Debit Card,0.17593301352795557,0
17.532480693726622,Young Adult,Dining,Morning,Debit Card,0.07799473747417748,1
1.8949740764154999,Teen,Groceries,Evening,Bank Transfer,0.25986062871172716,0
5.337757914702202,Young Adult,Electronics,Morning,Debit Card,0.31903101731767336,0
2.7624127908081855,Young Adult,Electronics,Afternoon,Credit Card,0.1265269367906354,1
6.409669713244354,Young Adult,Electronics,Morning,Debit Card,0.18629865785411306,1
12.41504530014122,Adult,Groceries,Morning,Credit Card,0.2999891089606075,0
16.278530940052992,Adult,Electronics,Morning,Credit Card,0.3841764081129712,1
18.12845043664969,Adult,Groceries,Afternoon,Credit Card,0.34732059330563014,1
21.08232601289845,Adult,Electronics,Morning,Credit Card,0.36957338942212004,0
6.184646051182026,Young Adult,Groceries,Afternoon,Debit Card,0.4288108037673238,0
2.9518529653537744,Adult,Clothing,Afternoon,Credit Card,0.09554965817308606,1
6.741805448520425,Young Adult,Clothing,Afternoon,Debit Card,0.13469246735527082,0
12.26333604836558,Young Adult,Clothing,Afternoon,Debit Card,0.10409774527240002,0
2.7681858428602855,Adult,Electronics,Night,Credit Card,0.4853815109815304,1
27.885575912539807,Young Adult,Electronics,Morning,Bank Transfer,0.28724394865023817,1
15.154701760089491,Adult,Groceries,Afternoon,Credit Card,0.1642205970477729,0
6.263544664882284,Adult,Electronics,Morning,Credit Card,0.09169251670027496,1
4.184145308275869,Adult,Groceries,Morning,Debit Card,0.26547676210812027,0
4.326258735323924,Senior,Electronics,Afternoon,Credit Card,0.15395322045598334,1
7.840988973925644,Young Adult,Electronics,Afternoon,Credit Card,0.44511823729718447,0
6.15015889343592,Young Adult,Electronics,Night,Debit Card,0.4527895120244616,0
15.806198989993645,Young Adult,Clothing,Afternoon,Debit Card,0.2319914797741089,0
5.615998150283021,Young Adult,Electronics,Night,Credit Card,0.25003083885778055,0
11.07180125510865,Adult,Groceries,Morning,Bank Transfer,0.552116421416855,1
7.220037109129132,Adult,Electronics,Morning,Debit Card,0.4331289614016399,0
9.168149677488072,Adult,Groceries,Morning,Bank Transfer,0.44131200235284157,0
6.14694279381323,Young Adult,Electronics,Morning,Credit Card,0.43922560050143444,0
13.015909709400974,Young Adult,Clothing,Afternoon,Debit Card,0.08390461351891026,0
13.171192577432626,Young Adult,Clothing,Evening,Bank Transfer,0.09596398201491098,0
10.67541271994996,Young Adult,Electronics,Morning,Debit Card,0.12439433566002098,0
12.013265069533496,Adult,Dining,Night,Debit Card,0.2967976226803515,0
3.471216045532574,Young Adult,Dining,Night,Credit Card,0.349915626707712,1
9.569649790940424,Young Adult,Clothing,Morning,Credit Card,0.18765781310949467,0
20.07271467479567,Teen,Clothing,Morning,Credit Card,0.6040188429020885,0
10.94763721597301,Adult,Electronics,Morning,Credit Card,0.13806364799365203,0
3.239522679335899,Adult,Groceries,Morning,Bank Transfer,0.5803000722464113,0
7.100653288511083,Young Adult,Electronics,Morning,Credit Card,0.0846730133021795,1
9.974006418748186,Teen,Electronics,Afternoon,Bank Transfer,0.266758290796249,0
4.031265661111781,Young Adult,Dining,Morning,Bank Transfer,0.04659523059370171,0
2.492741334953206,Young Adult,Electronics,Afternoon,Credit Card,0.0599593299006663,0
5.738063047720805,Adult,Clothing,Night,Credit Card,0.48154663005613413,0
4.085050430918458,Adult,Clothing,Evening,Bank Transfer,0.2577520000504254,0
7.3050710756973425,Young Adult,Clothing,Night,Bank Transfer,0.06109665517198732,0
2.0686087544193708,Young Adult,Dining,Morning,Credit Card,0.22866508375973285,1
11.608770035800884,Senior,Electronics,Afternoon,Credit Card,0.12473876997184778,0
4.447383615818008,Young Adult,Electronics,Afternoon,Debit Card,0.7381382844928187,0
16.388859239800247,Adult,Groceries,Morning,Debit Card,0.5241919069511579,0
5.920855379051321,Young Adult,Electronics,Morning,Credit Card,0.6538755719587792,0
7.240489125543863,Young Adult,Electronics,Evening,Debit Card,0.41479562378173657,0
6.433843451268273,Teen,Electronics,Evening,Credit Card,0.3667411462107907,1
4.260865241196944,Young Adult,Clothing,Afternoon,Credit Card,0.14749774814473104,1
53.400684798086544,Senior,Groceries,Afternoon,Credit Card,0.033013633633640835,0
4.969439502511357,Young Adult,Electronics,Afternoon,Credit Card,0.3512018191369111,1
16.757019045245215,Teen,Groceries,Morning,Credit Card,0.43094641288532703,1
3.080515161262678,Teen,Electronics,Afternoon,Credit Card,0.3537129591079247,0
9.95131907638265,Young Adult,Electronics,Morning,Credit Card,0.5189475495289342,0
10.83842544321888,Young Adult,Clothing,Morning,Credit Card,0.18026639616277212,0
7.2475133101026685,Teen,Groceries,Night,Credit Card,0.2949336164444326,1
4.679523199489094,Adult,Clothing,Afternoon,Bank Transfer,0.10375610688926082,1
5.985515563514589,Young Adult,Electronics,Evening,Credit Card,0.29944888184741514,1
5.351454528386432,Young Adult,Clothing,Afternoon,Credit Card,0.4900683229109635,0
50.4822114376815,Senior,Groceries,Afternoon,Debit Card,0.3006411578892512,0
7.256644474840074,Young Adult,Groceries,Morning,Bank Transfer,0.24519489937796712,0
11.244858735798383,Senior,Groceries,Morning,Credit Card,0.18494744084423825,1
30.731865250767726,Young Adult,Clothing,Morning,Debit Card,0.4085736467082054,0
3.665427841454218,Adult,Groceries,Evening,Debit Card,0.1572300004903431,0
7.6150624446817465,Adult,Groceries,Evening,Debit Card,0.5443911094372088,0
5.9575009809866275,Adult,Dining,Afternoon,Credit Card,0.6558560544032747,0
6.897018685130486,Senior,Clothing,Afternoon,Debit Card,0.1428845610471721,0
6.403152366123953,Young Adult,Groceries,Night,Credit Card,0.18931859877353682,0
4.1144218722795385,Senior,Clothing,Morning,Debit Card,0.101562611761201,1
8.639357598249923,Young Adult,Electronics,Morning,Debit Card,0.47365083298372146,0
3.1578574581509593,Young Adult,Electronics,Afternoon,Credit Card,0.0723498525825937,0
16.299039665453073,Young Adult,Groceries,Evening,Bank Transfer,0.26535708133430946,0
12.166032476269958,Young Adult,Dining,Night,Credit Card,0.10692885856560388,0
4.979003381980633,Young Adult,Dining,Morning,Bank Transfer,0.34688587484238415,0
5.175900547750627,Young Adult,Electronics,Night,Credit Card,0.43049592516767354,1
9.211092367196756,Young Adult,Groceries,Night,Credit Card,0.2938052444561191,1
3.900730126415516,Adult,Electronics,Morning,Credit Card,0.027097851045975712,0
31.48729399777232,Adult,Dining,Afternoon,Bank Transfer,0.34899147292574534,0
9.838867204599797,Young Adult,Dining,Afternoon,Credit Card,0.031693896768984306,0
10.120980242816985,Young Adult,Groceries,Night,Credit Card,0.2482562813200086,0
12.745217004051423,Young Adult,Clothing,Morning,Credit Card,0.3095135812007275,0
4.647964494966871,Young Adult,Clothing,Evening,Debit Card,0.09650568719053236,1
17.658336334218404,Teen,Groceries,Afternoon,Debit Card,0.16144888979377933,1
8.098077541655975,Young Adult,Electronics,Evening,Credit Card,0.33032679619410094,0
15.801681790405663,Young Adult,Groceries,Afternoon,Credit Card,0.6169928598711879,0
6.306857280914318,Senior,Groceries,Afternoon,Credit Card,0.5994991332580212,0
21.196214011887367,Young Adult,Groceries,Night,Credit Card,0.2632375631228594,1
10.186618035530365,Young Adult,Electronics,Night,Credit Card,0.243854317851753,1
42.35157537491714,Young Adult,Dining,Night,Debit Card,0.09524861338223088,0
5.497990745769581,Young Adult,Electronics,Morning,Credit Card,0.12127351859437482,0
8.702753909315971,Young Adult,Groceries,Evening,Credit Card,0.2574127827935963,0
3.237297906918577,Adult,Groceries,Morning,Credit Card,0.4954018856743464,0
4.8382902779442905,Young Adult,Groceries,Afternoon,Bank Transfer,0.2918469206617941,1
12.121118214143438,Young Adult,Groceries,Afternoon,Bank Transfer,0.1568669083609736,0
18.23712861866331,Senior,Electronics,Afternoon,Bank Transfer,0.15357905196838312,1
79.20253305895751,Adult,Electronics,Afternoon,Credit Card,0.2012594565849169,0
6.839378566809219,Adult,Groceries,Night,Credit Card,0.13505278328534262,0
3.5023328459661487,Young Adult,Groceries,Morning,Credit Card,0.10339567899744104,0
13.499607464281963,Adult,Electronics,Evening,Credit Card,0.12768374810929828,0
2.997378950443338,Young Adult,Clothing,Afternoon,Debit Card,0.2605195557313572,0
11.604836030573736,Young Adult,Groceries,Morning,Debit Card,0.07828099543323315,0
4.944102375920695,Teen,Groceries,Morning,Bank Transfer,0.046165892021985656,0
8.751945130599278,Young Adult,Clothing,Night,Bank Transfer,0.29602927051807154,1
17.687123372191316,Young Adult,Electronics,Night,Credit Card,0.23576262854476315,1
6.762639393892857,Young Adult,Electronics,Night,Debit Card,0.46190167138667404,0
15.58491201113484,Senior,Clothing,Night,Credit Card,0.5580726031149852,0
14.857827620945999,Senior,Groceries,Morning,Credit Card,0.1385540970621547,1
1.6628529592880115,Adult,Groceries,Afternoon,Debit Card,0.35332472262851405,1
3.5920368280006607,Young Adult,Clothing,Evening,Credit Card,0.07509556103290278,0
2.118174241692721,Adult,Clothing,Afternoon,Credit Card,0.12405688300313654,1
36.64912970812472,Young Adult,Dining,Afternoon,Credit Card,0.28414219725112577,0
6.7915993560912815,Adult,Groceries,Afternoon,Debit Card,0.3176889926704476,0
30.712304439577895,Young Adult,Groceries,Afternoon,Debit Card,0.10034118568958902,0
2.000982231128493,Adult,Groceries,Afternoon,Credit Card,0.43954005442588073,0
4.672925216910618,Young Adult,Electronics,Morning,Bank Transfer,0.5213889439251139,1
14.018790291717321,Adult,Groceries,Afternoon,Credit Card,0.24521197488382013,0
8.5285527697671,Senior,Electronics,Afternoon,Credit Card,0.10206847655757048,1
11.316795099274158,Young Adult,Dining,Afternoon,Debit Card,0.054019350000322035,0
2.7100129486108915,Young Adult,Groceries,Morning,Debit Card,0.8170765329830706,0
22.230001474450116,Senior,Groceries,Evening,Bank Transfer,0.058405899955161225,0
13.757895487777603,Young Adult,Electronics,Morning,Credit Card,0.045515817062133354,0
10.18891540517028,Adult,Electronics,Afternoon,Debit Card,0.21805902309978983,0
4.269564259741952,Young Adult,Electronics,Evening,Debit Card,0.18450276628264947,1
9.573894792987694,Young Adult,Groceries,Afternoon,Bank Transfer,0.20445861019629388,0
5.852143572665348,Young Adult,Electronics,Morning,Credit Card,0.15639813461166444,0
1.9731022137730987,Young Adult,Groceries,Evening,Debit Card,0.6582363826972707,0
7.096925901177334,Adult,Clothing,Afternoon,Debit Card,0.6456124922474474,0
6.5183135299015715,Young Adult,Clothing,Evening,Credit Card,0.4296649429184221,0
17.28641975359529,Young Adult,Groceries,Evening,Credit Card,0.44388842517864097,0
1.236715216923781,Young Adult,Electronics,Evening,Credit Card,0.3784764368606893,0
8.918786217696987,Young Adult,Clothing,Afternoon,Debit Card,0.16493292464028853,0
2.9315918280176967,Adult,Clothing,Morning,Bank Transfer,0.13990442360402144,1
9.538904759220582,Senior,Electronics,Morning,Debit Card,0.32047934181097637,0
9.968439423215484,Young Adult,Clothing,Afternoon,Debit Card,0.08698946394335706,0
6.8931225199752,Adult,Electronics,Afternoon,Debit Card,0.31543604841575723,1
14.095202621067312,Adult,Clothing,Afternoon,Credit Card,0.3724813143237501,0
2.727504674925783,Young Adult,Dining,Morning,Credit Card,0.07918075235227699,0
17.924641032878096,Senior,Electronics,Morning,Credit Card,0.16752766124063004,1
4.193505030535504,Young Adult,Clothing,Afternoon,Credit Card,0.2527066913920074,1
2.12820963562308,Young Adult,Groceries,Morning,Credit Card,0.1278349774343418,0
5.942222511624077,Adult,Dining,Evening,Debit Card,0.06748006363767217,1
1.3824730794501998,Young Adult,Groceries,Morning,Credit Card,0.13104193419532437,0
9.055199415585456,Adult,Clothing,Afternoon,Credit Card,0.7205110543804508,0
6.0050431785304905,Adult,Electronics,Night,Credit Card,0.15635727291665436,0
19.825114382251826,Teen,Electronics,Morning,Credit Card,0.6348619486976429,0
12.417904822142987,Adult,Electronics,Afternoon,Bank Transfer,0.33319647356953386,0
2.4263860551731633,Young Adult,Dining,Morning,Bank Transfer,0.45263967823191,0
3.7783598263979474,Young Adult,Clothing,Evening,Debit Card,0.2251653353895513,0
11.206921028555481,Adult,Clothing,Afternoon,Credit Card,0.4704690171113041,1
14.551050757030577,Senior,Dining,Afternoon,Debit Card,0.12403134395081025,0
19.648494741783647,Teen,Electronics,Afternoon,Bank Transfer,0.44431566563839997,1
19.52327665348312,Young Adult,Electronics,Night,Debit Card,0.20094709605752145,0
6.87837142059486,Adult,Electronics,Morning,Credit Card,0.1875257311542112,1
9.876167165731335,Adult,Electronics,Morning,Debit Card,0.2515807620146965,0
20.8841563717644,Adult,Electronics,Night,Bank Transfer,0.3927590028822888,1
5.797073553345487,Young Adult,Groceries,Afternoon,Debit Card,0.08991902313543458,0
10.011965718796192,Young Adult,Electronics,Night,Debit Card,0.1155223258179043,0
5.688777510335674,Young Adult,Electronics,Afternoon,Credit Card,0.26452582687920206,1
4.755213087880556,Adult,Electronics,Night,Debit Card,0.3721155585247069,1
7.680680074671398,Young Adult,Electronics,Afternoon,Credit Card,0.34702167983064325,0
4.262966327315204,Young Adult,Dining,Evening,Debit Card,0.18712721278400654,0
6.654326348029062,Senior,Clothing,Night,Credit Card,0.373261428450588,1
3.2285596480244774,Teen,Dining,Afternoon,Credit Card,0.385400960712383,1
6.347141094932468,Senior,Groceries,Morning,Credit Card,0.17420886985329362,1
10.57732157262551,Adult,Electronics,Morning,Debit Card,0.29301098675525467,0
4.613510993974787,Adult,Clothing,Morning,Credit Card,0.21003403823757016,1
7.444186573131794,Young Adult,Electronics,Morning,Debit Card,0.39042475551472744,0
8.260408775742205,Teen,Electronics,Afternoon,Debit Card,0.09152534073782655,0
10.612450777424677,Adult,Electronics,Afternoon,Credit Card,0.17360986213224197,0
6.6401604473625735,Adult,Electronics,Afternoon,Credit Card,0.3625175720404671,0
17.613982969224985,Adult,Electronics,Afternoon,Credit Card,0.36375524218572924,1
1.3761158246208711,Young Adult,Electronics,Evening,Bank Transfer,0.1912718932390342,1
77.49413667836436,Adult,Groceries,Morning,Debit Card,0.12169411047789568,0
3.6806633304244722,Adult,Electronics,Morning,Credit Card,0.29368164776626776,0
10.203308380031144,Adult,Electronics,Morning,Credit Card,0.3495692961005619,1
3.4876413327125446,Adult,Clothing,Afternoon,Debit Card,0.18533441328679676,0
12.37173614250498,Adult,Electronics,Morning,Bank Transfer,0.1795275136936569,0
9.218896289225551,Adult,Electronics,Morning,Bank Transfer,0.3584944292236963,0
4.390438771857495,Teen,Clothing,Afternoon,Debit Card,0.4685066703147199,1
17.43482907159596,Young Adult,Electronics,Night,Credit Card,0.3787146092073212,1
6.48071793275143,Teen,Electronics,Morning,Credit Card,0.18143931847922096,0
11.447515853613545,Young Adult,Groceries,Evening,Credit Card,0.18070883961309833,1
3.547602970488357,Young Adult,Electronics,Evening,Credit Card,0.18157819616748677,0
7.2087090947508194,Teen,Groceries,Evening,Credit Card,0.17923259377729386,0
36.6981305013631,Young Adult,Clothing,Night,Credit Card,0.10702527422783019,0
15.964578483658222,Young Adult,Electronics,Morning,Credit Card,0.3459859915429232,1
9.450773635647126,Adult,Groceries,Morning,Bank Transfer,0.26513288415612274,0
5.159622087280082,Senior,Groceries,Night,Debit Card,0.40301583922482553,0
7.79902580187717,Teen,Electronics,Afternoon,Bank Transfer,0.16373665897506642,0
8.65426957919965,Senior,Groceries,Afternoon,Debit Card,0.2638583189192977,0
10.58441618294967,Young Adult,Electronics,Evening,Credit Card,0.28872783367796523,0
3.122617503260584,Young Adult,Groceries,Evening,Debit Card,0.0681712306797419,1
12.612979070621137,Teen,Electronics,Night,Credit Card,0.36501975474848997,1
3.0904772269530265,Young Adult,Groceries,Night,Debit Card,0.539924169183811,0
27.245835447779353,Adult,Electronics,Evening,Credit Card,0.2584675985065914,1
3.9856377698796503,Adult,Clothing,Morning,Bank Transfer,0.4185300298721976,0
9.368028379888658,Teen,Electronics,Night,Credit Card,0.05501414744390903,0
16.512440369737856,Teen,Groceries,Morning,Credit Card,0.3147944112243434,1
6.038139684368343,Young Adult,Groceries,Morning,Bank Transfer,0.08993006278747237,0
9.703435667074425,Young Adult,Clothing,Night,Credit Card,0.6892924487675051,0
23.292821881505116,Young Adult,Groceries,Morning,Debit Card,0.08188221165316995,0
11.606002141843351,Young Adult,Groceries,Morning,Debit Card,0.08482881537848011,0
9.82019032692831,Adult,Clothing,Morning,Bank Transfer,0.21946172363190974,1
1.9197052989787264,Senior,Clothing,Night,Bank Transfer,0.031092371135975877,0
3.5009074202034642,Young Adult,Electronics,Afternoon,Bank Transfer,0.22725692467018208,0
17.073645949214466,Senior,Groceries,Evening,Credit Card,0.20209278721418783,0
11.65762234112399,Young Adult,Clothing,Morning,Bank Transfer,0.46847425711026786,0
13.159882786124493,Young Adult,Dining,Evening,Debit Card,0.3864082446910496,0
12.284244984629892,Young Adult,Clothing,Evening,Debit Card,0.17019716210677308,0
20.734629448166608,Adult,Electronics,Afternoon,Credit Card,0.16282911714008308,1
5.994725864248712,Senior,Electronics,Afternoon,Debit Card,0.04140745523554081,1
8.136824285961033,Adult,Groceries,Morning,Bank Transfer,0.3544973411184058,1
3.244822124815811,Young Adult,Clothing,Night,Bank Transfer,0.2943131490776169,0
2.6580211922117516,Adult,Groceries,Evening,Credit Card,0.06401148885377546,0
1.9837865701158168,Young Adult,Groceries,Night,Credit Card,0.13378273157486514,0
3.6395833135631235,Adult,Clothing,Afternoon,Credit Card,0.5110820487911417,0
25.58610555518066,Young Adult,Electronics,Evening,Bank Transfer,0.32984701684850637,1
2.133616326074164,Young Adult,Clothing,Evening,Debit Card,0.42849572005357334,1
5.79601847234399,Young Adult,Groceries,Evening,Credit Card,0.3345522945686174,0
2.626057681255172,Adult,Electronics,Night,Credit Card,0.11700128241395741,0
4.568664040149128,Teen,Groceries,Afternoon,Credit Card,0.09601089358050187,0
8.463434274699749,Adult,Clothing,Morning,Credit Card,0.18433829535021404,1
4.220304582688918,Young Adult,Electronics,Evening,Bank Transfer,0.07576722730190531,1
17.667590076746894,Adult,Electronics,Evening,Debit Card,0.4915184828881929,0
25.208531698407075,Adult,Dining,Afternoon,Credit Card,0.15350555906641514,1
1.222286662034694,Adult,Electronics,Morning,Debit Card,0.17289677614981858,0
4.278515637274905,Young Adult,Groceries,Afternoon,Credit Card,0.3902433201528082,0
7.747062178974362,Young Adult,Groceries,Afternoon,Bank Transfer,0.21608101052319967,1
18.19039342270907,Young Adult,Groceries,Afternoon,Credit Card,0.41454667348732543,1
5.137695228992086,Adult,Groceries,Evening,Credit Card,0.1301164906829611,0
7.2721478189240285,Young Adult,Electronics,Evening,Credit Card,0.19101336279154535,0
2.9288346688048637,Young Adult,Groceries,Morning,Debit Card,0.19091371035363122,1
2.1679094545312316,Young Adult,Electronics,Afternoon,Debit Card,0.4443273106283876,0
23.483727903374476,Young Adult,Groceries,Morning,Debit Card,0.3409578310685557,0
1.7172842195932438,Adult,Electronics,Morning,Credit Card,0.1047969118137294,0
47.602972498602846,Teen,Groceries,Evening,Credit Card,0.11718978551800346,0
13.198736687309347,Adult,Electronics,Night,Credit Card,0.44381078965564463,0
12.730217020905126,Young Adult,Electronics,Afternoon,Debit Card,0.1479423157108346,0
11.709200894546337,Teen,Electronics,Evening,Credit Card,0.25366514027494835,0
6.036663445333266,Young Adult,Electronics,Night,Debit Card,0.6217119229428877,0
10.111441695047002,Teen,Clothing,Night,Bank Transfer,0.6645913867609113,1
6.352717345359468,Young Adult,Electronics,Morning,Bank Transfer,0.5879682418729972,0
11.501283308104698,Adult,Dining,Night,Credit Card,0.24875289982120605,1
7.192586037411489,Teen,Dining,Afternoon,Credit Card,0.36691761304288767,0
3.454651049835898,Adult,Groceries,Afternoon,Credit Card,0.364422807110923,1
3.6823160181904955,Teen,Electronics,Morning,Debit Card,0.1620010944168484,1
3.362154873356001,Young Adult,Electronics,Afternoon,Bank Transfer,0.286359788412735,0
16.066246579579975,Adult,Clothing,Morning,Credit Card,0.19587631923597457,1
4.508852605876455,Young Adult,Electronics,Morning,Credit Card,0.2532480207651408,0
1.6005022258238295,Young Adult,Electronics,Afternoon,Bank Transfer,0.13239585807493112,0
10.149971856030186,Young Adult,Groceries,Night,Bank Transfer,0.08731466035071206,0
24.819113204569522,Young Adult,Clothing,Night,Credit Card,0.38913601657164704,0
13.714676699463524,Adult,Clothing,Afternoon,Debit Card,0.21786626876279808,0
4.560084471573676,Young Adult,Electronics,Night,Credit Card,0.1953681425342187,1
2.076223518801364,Adult,Groceries,Night,Credit Card,0.3367902221316509,0
6.636505317364174,Adult,Electronics,Evening,Bank Transfer,0.2655355997155709,0
6.505323863117638,Young Adult,Electronics,Morning,Bank Transfer,0.22225334959995144,1
3.402941864428022,Senior,Clothing,Evening,Debit Card,0.1492909456011098,1
11.482565502983261,Young Adult,Electronics,Night,Credit Card,0.2640990281252531,0
32.37223790370321,Senior,Electronics,Evening,Bank Transfer,0.3464905194491464,0
8.827096814436073,Teen,Electronics,Afternoon,Credit Card,0.2983107625754434,0
8.401253875472635,Adult,Clothing,Afternoon,Credit Card,0.878563393877836,0
3.4911024023417263,Young Adult,Clothing,Evening,Debit Card,0.20532405443596444,1
22.599589953163225,Young Adult,Groceries,Afternoon,Credit Card,0.19119082945798285,1
6.957948440174155,Adult,Clothing,Morning,Debit Card,0.23357800906393436,0
4.64982412286729,Adult,Electronics,Afternoon,Debit Card,0.27388515826706344,0
7.775289677451561,Teen,Groceries,Night,Credit Card,0.1680554627960744,0
10.778668764239937,Young Adult,Electronics,Night,Credit Card,0.45154679158076894,0
8.25956833858342,Adult,Electronics,Morning,Credit Card,0.27446189832217754,0
19.393204409548982,Adult,Groceries,Night,Credit Card,0.051417999174281845,0
10.046027091181541,Senior,Dining,Afternoon,Debit Card,0.03218678524608391,0
5.887588854534572,Adult,Electronics,Evening,Bank Transfer,0.22465120370875713,1
10.185384219900227,Senior,Electronics,Evening,Credit Card,0.0049203118416235635,0
11.019976606504319,Adult,Electronics,Night,Credit Card,0.25731290349213237,0
2.6192794597556994,Young Adult,Electronics,Night,Debit Card,0.05412448429296797,0
18.532682269187166,Young Adult,Dining,Afternoon,Bank Transfer,0.03332331797206761,0
5.808235269353725,Adult,Groceries,Night,Credit Card,0.5365630900310587,0
5.9283232816353975,Adult,Groceries,Morning,Credit Card,0.2224906151062054,0
13.478566938880395,Teen,Clothing,Evening,Debit Card,0.05996581608434402,0
13.433239288550014,Young Adult,Electronics,Evening,Credit Card,0.0514920246212623,1
4.217888540192291,Senior,Groceries,Evening,Credit Card,0.5020576636285047,0
14.045770164088381,Young Adult,Groceries,Morning,Debit Card,0.1522904699580381,1
4.719210311942983,Young Adult,Groceries,Night,Debit Card,0.04808576238800976,0
31.67914054633269,Young Adult,Dining,Morning,Debit Card,0.06981267325609894,0
3.8092975992381115,Young Adult,Clothing,Morning,Debit Card,0.5411190772796683,0
8.949359534764737,Young Adult,Electronics,Evening,Debit Card,0.0724376361378188,1
3.9526486182660387,Young Adult,Clothing,Afternoon,Credit Card,0.1553410283323512,1
43.73534141582166,Teen,Electronics,Night,Credit Card,0.2710546922893456,0
2.7448961579795887,Adult,Electronics,Afternoon,Credit Card,0.40445915449919523,1
11.240127612229857,Young Adult,Electronics,Morning,Credit Card,0.342338119760638,0
4.104449661126404,Adult,Electronics,Night,Debit Card,0.178471772268825,0
5.566207191181406,Adult,Groceries,Afternoon,Bank Transfer,0.21378802190398627,0
10.620969131773071,Young Adult,Groceries,Morning,Bank Transfer,0.2765347391046423,0
19.681272519962718,Adult,Dining,Evening,Debit Card,0.07010746719221762,0
27.077882475407378,Young Adult,Groceries,Afternoon,Credit Card,0.11368237669143239,0
2.1607202862797528,Adult,Groceries,Evening,Credit Card,0.3193590706649822,1
9.15409188154025,Young Adult,Electronics,Afternoon,Bank Transfer,0.2730137344291678,1
23.750293367183332,Adult,Electronics,Night,Debit Card,0.10006473982028165,1
1.9188983570325517,Adult,Groceries,Night,Debit Card,0.05058451591938615,0
9.502042687632754,Young Adult,Groceries,Evening,Debit Card,0.15378287178450453,0
7.376748523549191,Young Adult,Clothing,Morning,Debit Card,0.6915522433173547,1
10.294743771181533,Adult,Electronics,Night,Bank Transfer,0.14026824491255338,0
3.9834838664614565,Adult,Electronics,Evening,Credit Card,0.1435699093817426,0
2.3431705248332544,Young Adult,Groceries,Evening,Debit Card,0.4389729116407622,0
1.5992181600629498,Adult,Electronics,Afternoon,Bank Transfer,0.0871327807243637,1
16.13687721097567,Young Adult,Electronics,Night,Credit Card,0.20793306992210556,0
17.872072683066822,Adult,Clothing,Evening,Debit Card,0.3243483049903616,1
9.41353247676431,Young Adult,Electronics,Morning,Credit Card,0.32038124030882653,0
4.819553651009427,Adult,Groceries,Afternoon,Bank Transfer,0.5368517298040583,0
2.016903239278004,Young Adult,Electronics,Night,Credit Card,0.3427225751615964,1
11.59618738063563,Young Adult,Electronics,Morning,Debit Card,0.47526598593775204,0
3.062944088140795,Teen,Electronics,Night,Credit Card,0.10534958361708871,0
4.182717271096151,Young Adult,Clothing,Evening,Debit Card,0.15278851400091908,0
4.621635913968793,Young Adult,Electronics,Evening,Credit Card,0.3044384859671909,0
6.3089661463359565,Young Adult,Clothing,Morning,Credit Card,0.3295409504431356,0
4.0259771123173875,Adult,Electronics,Morning,Credit Card,0.4223416643910749,0
7.589509894506399,Teen,Clothing,Night,Bank Transfer,0.1457937263681166,1
4.493111111048195,Young Adult,Electronics,Morning,Credit Card,0.19027607128638988,0
12.950034495295464,Young Adult,Groceries,Evening,Credit Card,0.5867823820404207,1
16.85842161736446,Teen,Groceries,Afternoon,Debit Card,0.16448839248953384,0
8.059359934907908,Young Adult,Dining,Morning,Debit Card,0.3598611779256363,1
31.900648392920154,Young Adult,Electronics,Morning,Bank Transfer,0.7587205156614324,0
166.97697850086598,Young Adult,Electronics,Afternoon,Credit Card,0.4564960238186959,0
6.217679355347847,Young Adult,Electronics,Night,Debit Card,0.6006256218521185,0
5.850527913053768,Young Adult,Clothing,Afternoon,Credit Card,0.5107173544492232,0
40.24548810362365,Young Adult,Groceries,Afternoon,Credit Card,0.7973490563659338,0
140.6877418206098,Teen,Clothing,Afternoon,Debit Card,0.59601061534778,0
15.479265799459037,Young Adult,Electronics,Afternoon,Debit Card,0.8919842574457464,1
112.93741799230654,Senior,Electronics,Afternoon,Debit Card,0.8143440067272362,1
22.118928138092826,Young Adult,Electronics,Night,Credit Card,0.6568228921580173,0
10.166649617340193,Adult,Dining,Afternoon,Credit Card,0.7067606947721686,0
7.4581516197402475,Young Adult,Groceries,Afternoon,Credit Card,0.4530530423153232,0
37.69070773468061,Adult,Dining,Morning,Bank Transfer,0.818543175536589,0
8.044920771403572,Adult,Electronics,Night,Credit Card,0.8216846518536873,0
21.7862021991305,Young Adult,Groceries,Morning,Credit Card,0.5726189565106797,0
97.852870133478,Senior,Groceries,Morning,Credit Card,0.5751001609243122,0
14.77918256458045,Young Adult,Electronics,Evening,Debit Card,0.3778890053778816,1
74.73955534216236,Teen,Clothing,Afternoon,Credit Card,0.7494968628335111,1
5.962301178142554,Adult,Dining,Afternoon,Bank Transfer,0.8687699577471986,0
11.776321921340214,Adult,Clothing,Afternoon,Credit Card,0.37737694630266894,0
4.9177739246925265,Young Adult,Clothing,Evening,Bank Transfer,0.7278326676408715,1
21.60655532624595,Young Adult,Electronics,Morning,Credit Card,0.7269658086785405,0
43.81946739520545,Teen,Electronics,Night,Debit Card,0.6478981729666823,1
21.653932715008835,Young Adult,Dining,Evening,Bank Transfer,0.8309574664592531,0
68.51481915982838,Adult,Electronics,Afternoon,Credit Card,0.44484502346498744,1
9.495526181016416,Young Adult,Clothing,Afternoon,Bank Transfer,0.7839533774402467,1
25.16219711384441,Young Adult,Clothing,Morning,Credit Card,0.43269184948948686,0
11.852403528059376,Young Adult,Groceries,Evening,Bank Transfer,0.8436173338283097,1
28.83749890197711,Teen,Dining,Afternoon,Debit Card,0.5929598515076939,1
33.23940421906427,Young Adult,Electronics,Afternoon,Credit Card,0.4007204908826061,1
35.95959546596337,Adult,Electronics,Afternoon,Credit Card,0.5430627747355867,0
6.885416758797315,Senior,Electronics,Night,Credit Card,0.8741722175151768,1
8.250335764233842,Adult,Groceries,Afternoon,Credit Card,0.6767540683209201,0
9.931507624990882,Teen,Electronics,Night,Credit Card,0.7783498474665138,0
15.817536856312696,Adult,Electronics,Afternoon,Credit Card,0.30202682841524503,0
21.91533026889456,Adult,Clothing,Morning,Credit Card,0.6317210520127724,0
40.77581442146323,Adult,Dining,Morning,Debit Card,0.6958508674976716,0
8.601196320851866,Young Adult,Electronics,Afternoon,Credit Card,0.6179830031158865,0
4.051068616733855,Young Adult,Electronics,Morning,Credit Card,0.7454161540394828,1
173.42464169312115,Young Adult,Dining,Morning,Debit Card,0.9127772393209548,0
6.478875616572867,Teen,Electronics,Night,Credit Card,0.5450980528256736,0
46.35474791925678,Young Adult,Electronics,Night,Credit Card,0.6724999737489462,0
20.723470058784834,Young Adult,Electronics,Evening,Credit Card,0.5036943671062014,0
25.824034829338864,Young Adult,Groceries,Morning,Bank Transfer,0.5815444135475304,0
20.05441831199942,Adult,Electronics,Morning,Bank Transfer,0.6854991183564917,0
13.669377582393889,Young Adult,Dining,Morning,Credit Card,0.9182996905125549,1
31.943613900397505,Teen,Groceries,Evening,Debit Card,0.22517541175213251,0
12.954105873241204,Senior,Groceries,Night,Debit Card,0.8099775937056173,0
64.47662449835327,Senior,Electronics,Afternoon,Debit Card,0.8740022957495167,0
35.46126614353797,Adult,Groceries,Morning,Debit Card,0.751665011539874,0
36.583382720658975,Senior,Groceries,Afternoon,Debit Card,0.5941419992945228,0
12.096025649670583,Young Adult,Clothing,Afternoon,Credit Card,0.22332662911177564,0
15.85754263112385,Senior,Clothing,Afternoon,Credit Card,0.9008393886023116,0
6.123214424247171,Teen,Groceries,Evening,Credit Card,0.7579523882190615,0
14.111413574053993,Young Adult,Dining,Evening,Bank Transfer,0.8939752365780255,0
7.123677419876389,Young Adult,Clothing,Morning,Debit Card,0.7703856815456664,0
74.6692615577557,Young Adult,Clothing,Morning,Bank Transfer,0.8393961913077842,0
21.12666138498674,Young Adult,Electronics,Night,Bank Transfer,0.43686878265662,1
23.819325215476244,Adult,Electronics,Morning,Credit Card,0.5636317131051304,0
16.03627707031239,Adult,Electronics,Morning,Debit Card,0.8850119202163523,0
24.473206871401363,Young Adult,Groceries,Morning,Debit Card,0.9300565992611366,0
236.24694518530535,Young Adult,Groceries,Morning,Bank Transfer,0.838539686737274,1
14.877644477154934,Adult,Groceries,Afternoon,Bank Transfer,0.6032644460073155,0
10.481239714760969,Adult,Clothing,Night,Debit Card,0.746648810613142,1
34.11349769847621,Young Adult,Clothing,Afternoon,Credit Card,0.6012949018013639,0
1.6068590395675533,Adult,Dining,Afternoon,Debit Card,0.9465836747641093,0
21.41211293531807,Young Adult,Electronics,Evening,Credit Card,0.9758891175385008,0
13.850025817445522,Young Adult,Groceries,Afternoon,Debit Card,0.9022426400623794,0
7.446072662245169,Senior,Electronics,Night,Bank Transfer,0.7935501424080353,0
33.3733497669019,Young Adult,Electronics,Night,Credit Card,0.5355092320623125,0
21.19972942120465,Young Adult,Electronics,Morning,Debit Card,0.6585776846780759,1
3.3121286935151733,Adult,Electronics,Evening,Credit Card,0.9035169524755134,0
10.522022890624816,Adult,Groceries,Afternoon,Credit Card,0.6127294061438772,0
1.1182095552799631,Teen,Clothing,Night,Credit Card,0.5002399912091025,0
26.930765019724195,Young Adult,Electronics,Afternoon,Debit Card,0.765525142222672,0
26.66360210768813,Teen,Clothing,Night,Bank Transfer,0.8217496157873702,0
9.085848617862446,Adult,Groceries,Evening,Bank Transfer,0.6265708841164154,0
34.470804234272364,Young Adult,Electronics,Morning,Credit Card,0.932906398871142,0
5.570592261397338,Young Adult,Groceries,Afternoon,Bank Transfer,0.5279256741336761,0
7.640652261415127,Senior,Electronics,Night,Debit Card,0.5501049448001225,1
30.48364969752562,Young Adult,Groceries,Night,Credit Card,0.8091465505897165,0
10.087865289524773,Young Adult,Groceries,Morning,Credit Card,0.6759509481956872,0
18.865654445394295,Young Adult,Electronics,Evening,Credit Card,0.8551285766621479,0
11.43125159370633,Adult,Electronics,Afternoon,Bank Transfer,0.8191171629057804,1
13.317365279410456,Teen,Groceries,Morning,Debit Card,0.9536241136670628,0
13.912333989295991,Young Adult,Dining,Afternoon,Debit Card,0.513191717514551,0
9.907016493097466,Adult,Electronics,Morning,Credit Card,0.8023600761631193,1
27.17913856086855,Young Adult,Clothing,Night,Debit Card,0.811936806965151,0
10.719575041931625,Young Adult,Groceries,Afternoon,Credit Card,0.6048736404879482,0
20.403097219179838,Young Adult,Dining,Night,Credit Card,0.5220615417786486,0
9.691685167000005,Teen,Clothing,Morning,Debit Card,0.6889678718118523,0
4.330579529611772,Young Adult,Groceries,Afternoon,Credit Card,0.7391369640126029,0
50.02061644075931,Young Adult,Groceries,Morning,Bank Transfer,0.5900873222743012,0
33.099791560436444,Young Adult,Clothing,Morning,Credit Card,0.712444124113825,0
198.08219460018668,Teen,Electronics,Morning,Debit Card,0.6663108397909877,0
7.071178526475074,Adult,Electronics,Morning,Credit Card,0.6570714965192971,0
16.29795292769448,Senior,Electronics,Afternoon,Debit Card,0.8986006666935615,0
17.66336144115286,Adult,Clothing,Morning,Credit Card,0.4391314103063504,0
54.020815163502455,Adult,Clothing,Afternoon,Credit Card,0.6847599401121837,0
12.09620909846715,Young Adult,Electronics,Afternoon,Bank Transfer,0.43218189978474175,0
6.227395239820753,Senior,Groceries,Night,Credit Card,0.7833440691560227,0
67.20914391667435,Young Adult,Groceries,Night,Bank Transfer,0.47319317905973907,0
14.63403486228217,Senior,Electronics,Afternoon,Bank Transfer,0.7350943456782226,0
48.358572626311556,Senior,Dining,Afternoon,Credit Card,0.8198229061056836,0
43.042947692696025,Adult,Electronics,Morning,Credit Card,0.9307742612914123,0
19.49405458683763,Senior,Electronics,Night,Debit Card,0.9102709971871183,1
16.872520539410015,Young Adult,Groceries,Morning,Bank Transfer,0.7995336757505812,1
13.577787611743785,Young Adult,Clothing,Morning,Bank Transfer,0.9008041823737414,0
19.7826812625129,Young Adult,Electronics,Morning,Debit Card,0.39853190950131506,1
47.61273303356709,Young Adult,Groceries,Afternoon,Debit Card,0.771093861371881,0
9.057198165230572,Teen,Groceries,Morning,Credit Card,0.9666110317480155,1
22.395177157464754,Adult,Electronics,Evening,Bank Transfer,0.5652601872664322,0
6.562479944265788,Senior,Electronics,Morning,Bank Transfer,0.8436629889807357,1
7.432734061046015,Young Adult,Groceries,Evening,Credit Card,0.5015883994561503,0
19.473625329449128,Adult,Electronics,Morning,Credit Card,0.6967227027104914,0
2.828770009914376,Senior,Dining,Morning,Credit Card,0.4979631065044677,0
157.67857359715566,Senior,Clothing,Night,Credit Card,0.6153018750338379,0
6.09177831649987,Senior,Dining,Morning,Bank Transfer,0.5934763739269321,0
19.29626371634924,Young Adult,Electronics,Night,Credit Card,0.5608517070729406,0
64.6002138927828,Senior,Dining,Afternoon,Credit Card,0.710622576386152,1
8.474779720518587,Adult,Groceries,Morning,Credit Card,0.600966606025658,0
2.008328954662678,Young Adult,Electronics,Night,Bank Transfer,0.7681406747129162,1
12.87199781414468,Young Adult,Electronics,Morning,Debit Card,0.4671480734972374,0
8.374401562413555,Adult,Electronics,Night,Credit Card,0.7438448483068791,0
2.061897120753439,Young Adult,Groceries,Morning,Credit Card,0.45887651011924996,0
26.706043619223877,Adult,Groceries,Night,Bank Transfer,0.6322487838725475,0
24.7071793225676,Adult,Electronics,Morning,Bank Transfer,0.5425043453835288,0
62.949099446762965,Young Adult,Groceries,Afternoon,Credit Card,0.7786231131128444,0
6.548117701166137,Young Adult,Electronics,Evening,Credit Card,0.708392809207982,1
4.058703199302788,Adult,Groceries,Night,Credit Card,0.4509904020905657,0
13.373523804761387,Young Adult,Electronics,Night,Credit Card,0.9156528165797774,0
18.387247266714233,Teen,Clothing,Night,Debit Card,0.8226615022650361,0
50.46851128991103,Teen,Clothing,Night,Bank Transfer,0.7914939700566741,0
82.31620624504244,Young Adult,Groceries,Morning,Credit Card,0.6296260655183384,0
67.65891545642903,Senior,Electronics,Morning,Bank Transfer,0.6229048729335329,1
26.48407653437008,Young Adult,Electronics,Morning,Credit Card,0.7974150659621355,1
44.67880613521517,Adult,Clothing,Afternoon,Debit Card,0.6011757317111076,0
10.585726797867522,Young Adult,Electronics,Afternoon,Debit Card,0.9078171102159087,0
23.769308566978296,Young Adult,Electronics,Afternoon,Credit Card,0.6243930990246498,0
6.102569187041785,Adult,Electronics,Morning,Credit Card,0.6975079868564362,0
21.384907086824953,Adult,Groceries,Evening,Debit Card,0.5794742137946186,0
21.947356454596772,Teen,Groceries,Morning,Credit Card,0.32805481309052065,0
112.40726894356497,Young Adult,Clothing,Afternoon,Credit Card,0.6335828047417525,0
15.97487440897601,Teen,Electronics,Afternoon,Debit Card,0.752831769149661,0
21.978019442374958,Young Adult,Electronics,Evening,Bank Transfer,0.591938472080948,1
25.456253138691082,Adult,Clothing,Evening,Credit Card,0.34260609474603215,0
12.745518047411084,Young Adult,Clothing,Evening,Bank Transfer,0.9595740727426998,0
9.002544564713055,Young Adult,Electronics,Morning,Credit Card,0.689903923029358,0
73.61224063243445,Young Adult,Groceries,Afternoon,Debit Card,0.818427357033497,0
7.5314121220591455,Senior,Electronics,Morning,Debit Card,0.5706207211146003,0
5.323238870311481,Senior,Dining,Afternoon,Bank Transfer,0.3559392008356541,1
39.65691680089527,Teen,Electronics,Afternoon,Credit Card,0.4889098025739433,1
63.93166905798394,Adult,Dining,Morning,Debit Card,0.7518101623559214,0
12.789062870215785,Young Adult,Groceries,Morning,Debit Card,0.9137836145690484,0
12.986969548405984,Young Adult,Groceries,Night,Credit Card,0.6909229945311715,1
26.643454910790197,Adult,Electronics,Night,Credit Card,0.7434839566448627,1
9.89616514747497,Senior,Groceries,Afternoon,Credit Card,0.6936105898787448,1
9.191576615582635,Senior,Groceries,Morning,Credit Card,0.8546368325437498,0
48.40449048266434,Young Adult,Electronics,Morning,Bank Transfer,0.30588686920056113,1
36.860152915573146,Young Adult,Groceries,Afternoon,Credit Card,0.632604392047799,0
74.52680701124659,Adult,Dining,Night,Credit Card,0.47774670087351506,0
5.739723208393261,Young Adult,Groceries,Morning,Debit Card,0.7658184999683657,0
12.15253163484476,Young Adult,Clothing,Evening,Credit Card,0.8671082473371179,1
26.607138974232342,Young Adult,Electronics,Morning,Debit Card,0.42788345321581006,0
7.9596032068300415,Adult,Groceries,Night,Credit Card,0.9470742366716792,0
38.15616856868448,Young Adult,Electronics,Afternoon,Bank Transfer,0.37448663209372424,0
68.34901057641456,Young Adult,Groceries,Evening,Bank Transfer,0.905086826534322,0
11.208159364747877,Senior,Dining,Afternoon,Bank Transfer,0.9336466979672208,0
20.875828117031507,Young Adult,Groceries,Evening,Credit Card,0.28470356780719236,1
86.10940940565808,Young Adult,Electronics,Morning,Debit Card,0.8245824162954387,1
121.42193852422966,Young Adult,Electronics,Morning,Credit Card,0.8285793648305722,0
42.34292094062491,Teen,Groceries,Night,Credit Card,0.35923110460409563,0
36.35854213446185,Teen,Groceries,Night,Credit Card,0.38709741560179234,1
8.552840631010529,Young Adult,Clothing,Night,Debit Card,0.5128331411859685,0
28.76643915305165,Adult,Clothing,Evening,Credit Card,0.6942568100199713,0
35.05158525251676,Young Adult,Groceries,Night,Debit Card,0.6347258791336324,0
16.274994358179807,Senior,Electronics,Morning,Credit Card,0.7222735009785729,0
11.08090930781748,Young Adult,Electronics,Afternoon,Credit Card,0.7447907091596424,1
5.577286269825343,Young Adult,Electronics,Afternoon,Debit Card,0.7395629741239226,0
3.5334341496006756,Young Adult,Electronics,Evening,Credit Card,0.7399769186946009,1
2.8637057035519407,Young Adult,Groceries,Afternoon,Debit Card,0.6509611814826893,1
35.853549534414896,Adult,Groceries,Morning,Credit Card,0.6545042975266917,1
23.28243759863215,Young Adult,Groceries,Afternoon,Bank Transfer,0.8287735745026285,0
12.381319793230897,Young Adult,Electronics,Night,Debit Card,0.8864659565904595,0
14.418955603258674,Adult,Electronics,Afternoon,Credit Card,0.6592542475570783,1
24.790748557334588,Senior,Electronics,Morning,Credit Card,0.8885948245108718,0
17.037843001870296,Adult,Electronics,Morning,Debit Card,0.7692030324785585,1
5.256402303401377,Young Adult,Clothing,Morning,Bank Transfer,0.7520569159801835,0
50.048884623807545,Adult,Electronics,Morning,Credit Card,0.49333842501375935,1
27.224741414115666,Young Adult,Groceries,Evening,Credit Card,0.6163621771656698,0
26.203643862394443,Young Adult,Electronics,Evening,Bank Transfer,0.7607491720617621,0
46.41221613529635,Young Adult,Clothing,Evening,Debit Card,0.6934029529792242,0
8.90270037768216,Young Adult,Groceries,Afternoon,Credit Card,0.6865107463221156,0
67.608346051329,Young Adult,Electronics,Night,Credit Card,0.8859918628081557,0
17.460778692268295,Young Adult,Groceries,Morning,Credit Card,0.8581922784280578,1
48.84240450554376,Adult,Clothing,Afternoon,Debit Card,0.9680505532012692,0
41.86495302043203,Young Adult,Dining,Night,Credit Card,0.7462793843797006,1
7.107838378036929,Teen,Electronics,Morning,Bank Transfer,0.8040255555720329,0
33.211639602414074,Teen,Clothing,Morning,Credit Card,0.8032277388713891,0
27.83445580911385,Senior,Dining,Night,Credit Card,0.6428216531756702,0
20.70368404230774,Young Adult,Dining,Afternoon,Debit Card,0.6149659806195577,0
18.27672239627016,Young Adult,Groceries,Evening,Bank Transfer,0.8134081351364453,0
18.43234036419172,Adult,Groceries,Morning,Bank Transfer,0.5325841681269505,0
45.27203104771904,Adult,Groceries,Evening,Credit Card,0.9274477719965016,1
35.79866183478803,Young Adult,Clothing,Afternoon,Debit Card,0.5485894067321214,1
20.707145838004905,Adult,Groceries,Morning,Debit Card,0.8059501803541708,1
4.5179748595813,Adult,Groceries,Evening,Credit Card,0.7006991266748415,0
32.931953389642445,Adult,Groceries,Morning,Credit Card,0.8342092597016422,0
41.41377765959627,Young Adult,Clothing,Afternoon,Credit Card,0.65428163595296,0
200.41898203268568,Adult,Clothing,Morning,Credit Card,0.5719032080729662,0
58.87597207951772,Young Adult,Electronics,Morning,Bank Transfer,0.8200766072684581,0
3.006641310585769,Young Adult,Clothing,Morning,Credit Card,0.9697591347614658,0
21.72425545067336,Young Adult,Groceries,Morning,Bank Transfer,0.8908215246311088,0
122.90049308721791,Teen,Clothing,Night,Debit Card,0.9435293280707131,1
37.470308907551996,Young Adult,Groceries,Morning,Debit Card,0.5513069146231965,0
27.900710665181133,Adult,Electronics,Afternoon,Debit Card,0.8252688828894733,0
49.41374670755213,Teen,Dining,Morning,Credit Card,0.8843417073056277,1
10.779237229102902,Young Adult,Electronics,Afternoon,Credit Card,0.6530406853329325,0
32.39778306791413,Young Adult,Clothing,Night,Credit Card,0.5555991986593652,0
15.635312235604358,Teen,Groceries,Morning,Debit Card,0.8266136596082087,0
19.69523078276642,Senior,Groceries,Night,Credit Card,0.8618309574165441,1
45.99140428668841,Young Adult,Electronics,Morning,Debit Card,0.747444060281111,1
7.9509140548334525,Young Adult,Groceries,Evening,Credit Card,0.7844117680878245,1
72.81940513982939,Young Adult,Electronics,Afternoon,Credit Card,0.9637204554588212,0
13.160080447553364,Young Adult,Electronics,Night,Credit Card,0.8137091656924349,0
26.066809362956935,Teen,Electronics,Afternoon,Bank Transfer,0.9442767943145111,0
4.950517119574565,Adult,Electronics,Afternoon,Debit Card,0.8484100965141681,0
41.25768056119532,Senior,Dining,Morning,Credit Card,0.8649621309009757,0
85.32810939810328,Young Adult,Dining,Morning,Debit Card,0.918367331180473,1
12.005422836855526,Adult,Electronics,Night,Credit Card,0.8080073761673915,0
6.617890168523688,Adult,Clothing,Afternoon,Bank Transfer,0.815955026517188,0
26.522225106093494,Adult,Electronics,Afternoon,Debit Card,0.6671531355411291,0
86.03985722467252,Young Adult,Groceries,Evening,Credit Card,0.8180368625597163,0
4.712146018518549,Young Adult,Clothing,Afternoon,Debit Card,0.6485347284091091,0
6.643851355587746,Young Adult,Dining,Night,Credit Card,0.9047256867800579,1
12.753559915459457,Adult,Groceries,Evening,Bank Transfer,0.8049733758277478,1
8.843265204447576,Adult,Clothing,Afternoon,Credit Card,0.855670908238472,0
8.871239554410446,Young Adult,Electronics,Night,Debit Card,0.8937240142493074,0
2.4741066276550248,Young Adult,Dining,Morning,Credit Card,0.4212328625986304,0
36.1999213944693,Senior,Electronics,Morning,Debit Card,0.7170758483136671,1
28.183043502867385,Adult,Groceries,Afternoon,Debit Card,0.6904319632557318,1
3.6735217255773027,Senior,Groceries,Morning,Debit Card,0.7399953586140482,0
86.24531710099438,Adult,Groceries,Evening,Debit Card,0.7766364676674332,0
107.88785574717959,Young Adult,Electronics,Night,Bank Transfer,0.9023466067805243,0
9.479148108152666,Young Adult,Dining,Afternoon,Credit Card,0.9036628365978951,0
64.49247762149214,Adult,Electronics,Afternoon,Credit Card,0.6720576106501495,0
11.324881355843987,Teen,Groceries,Night,Credit Card,0.5546637696885484,0
24.073616991809974,Young Adult,Electronics,Afternoon,Bank Transfer,0.7205654504095443,0
8.707962743831626,Adult,Electronics,Afternoon,Credit Card,0.5776545501746522,0
183.87414397940896,Young Adult,Groceries,Afternoon,Debit Card,0.311379745294599,1
14.939112485266106,Adult,Groceries,Night,Debit Card,0.7372492854922033,0
22.79289860662402,Young Adult,Electronics,Afternoon,Credit Card,0.9064205773163614,0
10.095225734510791,Senior,Electronics,Evening,Credit Card,0.5313269551674538,0
129.19405769737233,Teen,Groceries,Night,Credit Card,0.9206185170490068,0
132.5042401557087,Young Adult,Clothing,Afternoon,Credit Card,0.8166629392378648,1
102.60936252594732,Adult,Clothing,Afternoon,Credit Card,0.5306036315539927,0
52.27092809464274,Young Adult,Electronics,Night,Credit Card,0.8770795467335375,0
10.753276007863946,Adult,Electronics,Afternoon,Bank Transfer,0.8396576590566777,0
45.96361457357499,Adult,Electronics,Evening,Bank Transfer,0.4033425720029962,0
19.944575489511124,Young Adult,Electronics,Night,Credit Card,0.7800358672221555,0
74.62000402572077,Young Adult,Groceries,Evening,Credit Card,0.9500944355794915,1
61.30749195673016,Young Adult,Groceries,Evening,Credit Card,0.8030514740478217,0
10.49327338554227,Young Adult,Electronics,Night,Debit Card,0.5948662595907623,0
51.822571771397556,Senior,Electronics,Night,Bank Transfer,0.6405286222839116,0
39.727134784358654,Adult,Electronics,Afternoon,Credit Card,0.7471697653970917,0
1.254123769481888,Adult,Clothing,Morning,Credit Card,0.33354273433313325,1
44.74307300834038,Adult,Dining,Afternoon,Debit Card,0.7020995836703404,1
13.04238203692987,Young Adult,Electronics,Evening,Debit Card,0.8362156250273515,0
8.280948754156984,Senior,Electronics,Afternoon,Credit Card,0.6268293359231192,0
8.642910553500586,Adult,Clothing,Evening,Debit Card,0.7233162064158567,1
17.544791133857046,Adult,Dining,Afternoon,Credit Card,0.7256913934206674,1
32.461656086532486,Adult,Groceries,Evening,Credit Card,0.415144518178078,0
5.12708862099298,Young Adult,Electronics,Morning,Debit Card,0.592199124008096,1
24.28473190515219,Adult,Electronics,Evening,Bank Transfer,0.9123228738865304,0
35.75742951653582,Young Adult,Groceries,Afternoon,Credit Card,0.3516891140646467,0
129.25740239579793,Young Adult,Electronics,Morning,Bank Transfer,0.85862948898537,0
6.843572090531966,Young Adult,Electronics,Morning,Credit Card,0.8278166897656624,0
14.15952883322487,Senior,Groceries,Evening,Debit Card,0.7200141314805069,0
26.092892851230577,Adult,Electronics,Afternoon,Credit Card,0.6647445117180827,0
63.26987643588675,Adult,Clothing,Morning,Bank Transfer,0.8880501964057138,0
14.817014055436402,Adult,Electronics,Night,Bank Transfer,0.4076610208598927,0
66.59579064304633,Young Adult,Electronics,Evening,Credit Card,0.8812468549352949,1
2.8939943720849066,Senior,Groceries,Night,Bank Transfer,0.8448837747342703,0
5.735367374628237,Young Adult,Electronics,Afternoon,Bank Transfer,0.3856925956192855,0
28.464119930776008,Young Adult,Dining,Afternoon,Debit Card,0.8870269366259662,1
4.899707463030949,Young Adult,Groceries,Night,Credit Card,0.49996896120367174,0
6.206080102644179,Adult,Electronics,Afternoon,Bank Transfer,0.8084950134876663,1
11.84875899283672,Adult,Clothing,Evening,Bank Transfer,0.8299833306315366,0
43.44253333351044,Young Adult,Electronics,Morning,Credit Card,0.8628782530053906,0
3.016312801197554,Teen,Dining,Afternoon,Bank Transfer,0.7588477308474554,1
23.814588668718706,Adult,Electronics,Morning,Credit Card,0.795928214161564,0
56.42791298473643,Teen,Groceries,Morning,Credit Card,0.8832056500064301,1
16.52798147532483,Adult,Electronics,Morning,Debit Card,0.7845534909969438,0
13.890008523478988,Senior,Groceries,Morning,Debit Card,0.5636397208802475,1
30.01722196827137,Young Adult,Clothing,Night,Debit Card,0.7381157974868604,0
16.57489079110973,Young Adult,Clothing,Morning,Credit Card,0.7165384719436365,1
80.68073162204132,Adult,Electronics,Evening,Bank Transfer,0.8256972777394351,1
6.61002203778976,Adult,Electronics,Night,Credit Card,0.5126281697273882,1
19.074566385626877,Young Adult,Clothing,Afternoon,Credit Card,0.5267295265102312,0
24.67242874337322,Senior,Dining,Morning,Credit Card,0.7290229892503346,0
13.756974723938818,Teen,Electronics,Evening,Debit Card,0.32233126677104373,1
